id,image_link
1476015063,https://scalelabs-ar.github.io/plyrap-catalogo-img/img/08b5c085c9ac951d.jpg
1476015072,https://scalelabs-ar.github.io/plyrap-catalogo-img/img/01cd9ccb9bc05ff0.jpg
1476015074,https://scalelabs-ar.github.io/plyrap-catalogo-img/img/5891029ff0034dae.jpg
1476015077,https://scalelabs-ar.github.io/plyrap-catalogo-img/img/4f4da730d8e9b5ec.jpg
1476015088,https://scalelabs-ar.github.io/plyrap-catalogo-img/img/0afdde83e3d2cb8e.jpg
1476015095,https://scalelabs-ar.github.io/plyrap-catalogo-img/img/31860a45e7273323.jpg
1476015098,https://scalelabs-ar.github.io/plyrap-catalogo-img/img/3c1817580d17c23f.jpg
1476015102,https://scalelabs-ar.github.io/plyrap-catalogo-img/img/32073a53184702c7.jpg
1476015104,https://scalelabs-ar.github.io/plyrap-catalogo-img/img/5dd45da5b4a8c96f.jpg
1476015107,https://scalelabs-ar.github.io/plyrap-catalogo-img/img/dd6004c9c408c859.jpg
1476015111,https://scalelabs-ar.github.io/plyrap-catalogo-img/img/d76d53823d1f3161.jpg
1476015113,https://scalelabs-ar.github.io/plyrap-catalogo-img/img/4bec835d3cc875b9.jpg
1476015119,https://scalelabs-ar.github.io/plyrap-catalogo-img/img/6477e16b704f56f3.jpg
1476015122,https://scalelabs-ar.github.io/plyrap-catalogo-img/img/9be3ca25a7d806d5.jpg
1476015125,https://scalelabs-ar.github.io/plyrap-catalogo-img/img/8e42d6886c5b07f4.jpg
1476015128,https://scalelabs-ar.github.io/plyrap-catalogo-img/img/203550fbe50bf668.jpg
1476015130,https://scalelabs-ar.github.io/plyrap-catalogo-img/img/f54a80dba659b36a.jpg
1476015137,https://scalelabs-ar.github.io/plyrap-catalogo-img/img/2163dd0e3b11b338.jpg
1476015139,https://scalelabs-ar.github.io/plyrap-catalogo-img/img/6554efe0057cdf19.jpg
1476015143,https://scalelabs-ar.github.io/plyrap-catalogo-img/img/3b90543e8c266d76.jpg
1476015146,https://scalelabs-ar.github.io/plyrap-catalogo-img/img/0c007f3e25a69d2d.jpg
1476015151,https://scalelabs-ar.github.io/plyrap-catalogo-img/img/173da8f1bac33eeb.jpg
1476015153,https://scalelabs-ar.github.io/plyrap-catalogo-img/img/33bbe25cccff0d4d.jpg
1476015156,https://scalelabs-ar.github.io/plyrap-catalogo-img/img/0c5e3fe688121603.jpg
1476015162,https://scalelabs-ar.github.io/plyrap-catalogo-img/img/979b7b2eff4cadad.jpg
1476015166,https://scalelabs-ar.github.io/plyrap-catalogo-img/img/eec09eb5b1ebdb48.jpg
1476015171,https://scalelabs-ar.github.io/plyrap-catalogo-img/img/7146fdcb0944cede.jpg
1476015175,https://scalelabs-ar.github.io/plyrap-catalogo-img/img/fc4b830a489e1ae0.jpg
1476015179,https://scalelabs-ar.github.io/plyrap-catalogo-img/img/218129f626593c35.jpg
1476015181,https://scalelabs-ar.github.io/plyrap-catalogo-img/img/98e6946b5c306ab4.jpg
1476015190,https://scalelabs-ar.github.io/plyrap-catalogo-img/img/6338838cf237f901.jpg
1476015191,https://scalelabs-ar.github.io/plyrap-catalogo-img/img/d5053bc4efb394fc.jpg
1476015194,https://scalelabs-ar.github.io/plyrap-catalogo-img/img/d3a2b4f14fc185ad.jpg
1476015198,https://scalelabs-ar.github.io/plyrap-catalogo-img/img/4e66b09249d99849.jpg
1476015200,https://scalelabs-ar.github.io/plyrap-catalogo-img/img/988c7ef5aa508aa8.jpg
1476015205,https://scalelabs-ar.github.io/plyrap-catalogo-img/img/d846c2306532505c.jpg
1476015208,https://scalelabs-ar.github.io/plyrap-catalogo-img/img/5666175db6b07476.jpg
1483238410,https://scalelabs-ar.github.io/plyrap-catalogo-img/img/d4dd38c3f718ff76.jpg
1483241334,https://scalelabs-ar.github.io/plyrap-catalogo-img/img/fa52109abdf892f0.jpg
